Workbook

Sheet 📖 تعليمات
B1: 🚀 دليل الاستخدام — جدول توزيع المراقبين
B3: الخطوة 1️⃣ ورقة الإعدادات
B4: • تحقق من عدد القاعات (C3) وعدد الحصص (C4) — عدّلهما حسب حاجتك
B5: • يمكن تعديل قائمة المواد في العمود E
B7: الخطوة 2️⃣ ورقة الأساتذة
B8: • البيانات جاهزة — عدّل الأسماء وأرقام التأجير والمواد حسب واقعك
B9: • أضف أساتذة جدداً في الصفوف الفارغة التالية أو احذف من لا تحتاجه
B10: • عمود المادة مرتبط بقيد المداوم (مراقبة إلزامية لمادته أثناء الامتحان)
B12: الخطوة 3️⃣ ورقة الحصص
B13: • البيانات جاهزة — عدّل التواريخ والتوقيتات والمواد وعدد القاعات
B14: • أسماء الحصص (حصة 1، حصة 2...) تُولَّد تلقائياً — لا تعدّلها
B15: • عمود 'عدد القاعات العاملة' يحدد أي القاعات نشطة (أول N قاعة)
... B28: الخلايا الكريمية = تسميات ومعلومات

Sheet الإعدادات
B1: ⚙️ الإعدادات العامة | E1: 📚 قائمة المواد
E2: المادة | F2: #
B3: عدد القاعات المتوفرة | C3: 14 | E3: الاقتصاد | F3: 1
B4: عدد الحصص | C4: 8 | E4: التاريخ والجغرافيا | F4: 2
B5: عدد الأساتذة (تلقائي) | C5: =COUNTA(الأساتذة!B2:B201) -> 46 | E5: التربية الإسلامية | F5: 3
B6: ⚠️ الخلايا الزرقاء: أدخل البيانات الخلايا الخضراء: تلقائية — لا تعدّلها | E6: التربية البدنية | F6: 4
E7: الرياضيات | F7: 5
E8: الفلسفة | F8: 6
E9: الفيزياء والكيمياء | F9: 7
E10: اللغة الإنجليزية | F10: 8
E11: اللغة العربية | F11: 9
E12: اللغة الفرنسية | F12: 10
E13: علوم الحياة والأرض | F13: 11
E14: الترجمة | F14: 12
E15: المعلوميات | F15: 13
E16: مادة أخرى | F16: 14

Sheet الحصص
A1: اسم الحصة | B1: التاريخ | C1: التوقيت | D1: المادة 1 | E1: المادة 2 | F1: عدد القاعات العاملة
A2: =IF(ROW()-1<=الإعدادات!$C$4,"حصة "&TEXT(ROW()-1,"0"),"") -> حصة 1 | B2: 15/06/2026 | C2: 08:00 - 10:00 | D2: الرياضيات | E2: الفيزياء والكيمياء | F2: 9
A3: =IF(ROW()-1<=الإعدادات!$C$4,"حصة "&TEXT(ROW()-1,"0"),"") -> حصة 2 | B3: 15/06/2026 | C3: 10:30 - 12:30 | D3: اللغة العربية | E3: اللغة الفرنسية | F3: 12
A4: =IF(ROW()-1<=الإعدادات!$C$4,"حصة "&TEXT(ROW()-1,"0"),"") -> حصة 3 | B4: 16/06/2026 | C4: 08:00 - 10:00 | D4: التاريخ والجغرافيا | E4: الاقتصاد | F4: 9
A5: =IF(ROW()-1<=الإعدادات!$C$4,"حصة "&TEXT(ROW()-1,"0"),"") -> حصة 4 | B5: 16/06/2026 | C5: 10:30 - 12:30 | D5: اللغة الإنجليزية | E5: الترجمة | F5: 14
A6: =IF(ROW()-1<=الإعدادات!$C$4,"حصة "&TEXT(ROW()-1,"0"),"") -> حصة 5 | B6: 17/06/2026 | C6: 08:00 - 10:00 | F6: 14
A7: =IF(ROW()-1<=الإعدادات!$C$4,"حصة "&TEXT(ROW()-1,"0"),"") -> حصة 6 | B7: 17/06/2026 | C7: 10:30 - 12:30 | F7: 14
A8: =IF(ROW()-1<=الإعدادات!$C$4,"حصة "&TEXT(ROW()-1,"0"),"") -> حصة 7 | B8: 18/06/2026 | C8: 08:00 - 10:00 | F8: 14
A9: =IF(ROW()-1<=الإعدادات!$C$4,"حصة "&TEXT(ROW()-1,"0"),"") -> حصة 8 | B9: 18/06/2026 | C9: 10:30 - 12:30 | F9: 9
A10: =IF(ROW()-1<=الإعدادات!$C$4,"حصة "&TEXT(ROW()-1,"0"),"")
A11: =IF(ROW()-1<=الإعدادات!$C$4,"حصة "&TEXT(ROW()-1,"0"),"")
A12: =IF(ROW()-1<=الإعدادات!$C$4,"حصة "&TEXT(ROW()-1,"0"),"")
A13: =IF(ROW()-1<=الإعدادات!$C$4,"حصة "&TEXT(ROW()-1,"0"),"")
A14: =IF(ROW()-1<=الإعدادات!$C$4,"حصة "&TEXT(ROW()-1,"0"),"")
A15: =IF(ROW()-1<=الإعدادات!$C$4,"حصة "&TEXT(ROW()-1,"0"),"")
A16: =IF(ROW()-1<=الإعدادات!$C$4,"حصة "&TEXT(ROW()-1,"0"),"")
A17: =IF(ROW()-1<=الإعدادات!$C$4,"حصة "&TEXT(ROW()-1,"0"),"")
A18: =IF(ROW()-1<=الإعدادات!$C$4,"حصة "&TEXT(ROW()-1,"0"),"")
A19: =IF(ROW()-1<=الإعدادات!$C$4,"حصة "&TEXT(ROW()-1,"0"),"")
A20: =IF(ROW()-1<=الإعدادات!$C$4,"حصة "&TEXT(ROW()-1,"0"),"")
A21: =IF(ROW()-1<=الإعدادات!$C$4,"حصة "&TEXT(ROW()-1,"0"),"")

Sheet الأساتذة
A1: # | B1: الاسم الكامل | C1: المادة | D1: رقم التأجير
A2: =IF(B2<>"",ROW()-1,"") -> 1 | B2: محمد أمين | C2: الرياضيات | D2: 1001
A3: =IF(B3<>"",ROW()-1,"") -> 2 | B3: فاطمة الزهراء | C3: الرياضيات | D3: 1002
A4: =IF(B4<>"",ROW()-1,"") -> 3 | B4: يوسف بنعلي | C4: الرياضيات | D4: 1003
A5: =IF(B5<>"",ROW()-1,"") -> 4 | B5: سلمى الإدريسي | C5: الرياضيات | D5: 1004
A6: =IF(B6<>"",ROW()-1,"") -> 5 | B6: كريم الناصري | C6: الرياضيات | D6: 1005
A7: =IF(B7<>"",ROW()-1,"") -> 6 | B7: نجوى الفارسي | C7: الرياضيات | D7: 1006
A8: =IF(B8<>"",ROW()-1,"") -> 7 | B8: رضا العلوي | C8: الفيزياء والكيمياء | D8: 1007
A9: =IF(B9<>"",ROW()-1,"") -> 8 | B9: حنان السلاوي | C9: الفيزياء والكيمياء | D9: 1008
A10: =IF(B10<>"",ROW()-1,"") -> 9 | B10: بشير الراشدي | C10: الفيزياء والكيمياء | D10: 1009
A11: =IF(B11<>"",ROW()-1,"") -> 10 | B11: دنيا الحسيني | C11: الفيزياء والكيمياء | D11: 1010
A12: =IF(B12<>"",ROW()-1,"") -> 11 | B12: لينا الحمداني | C12: الفيزياء والكيمياء | D12: 1011
A13: =IF(B13<>"",ROW()-1,"") -> 12 | B13: وليد الزياد | C13: الفيزياء والكيمياء | D13: 1012
... A47: =IF(B47<>"",ROW()-1,"") -> 46 | B47: سامية بوشامة | C47: علوم الحياة والأرض | D47: 1046
A48: =IF(B48<>"",ROW()-1,"")
A49: =IF(B49<>"",ROW()-1,"")
A50: =IF(B50<>"",ROW()-1,"")
A51: =IF(B51<>"",ROW()-1,"")
A52: =IF(B52<>"",ROW()-1,"")
A53: =IF(B53<>"",ROW()-1,"")
A54: =IF(B54<>"",ROW()-1,"")
A55: =IF(B55<>"",ROW()-1,"")
A56: =IF(B56<>"",ROW()-1,"")
A57: =IF(B57<>"",ROW()-1,"")
A58: =IF(B58<>"",ROW()-1,"")
A59: =IF(B59<>"",ROW()-1,"")
... A201: =IF(B201<>"",ROW()-1,"")

Sheet المصفوفة
A1: القاعة / الحصة | B1: =IF(الحصص!A2<>"",الحصص!A2,"") -> حصة 1 | C1: =IF(الحصص!A3<>"",الحصص!A3,"") -> حصة 2 | D1: =IF(الحصص!A4<>"",الحصص!A4,"") -> حصة 3 | E1: =IF(الحصص!A5<>"",الحصص!A5,"") -> حصة 4 | F1: =IF(الحصص!A6<>"",الحصص!A6,"") -> حصة 5 | G1: =IF(الحصص!A7<>"",الحصص!A7,"") -> حصة 6 | H1: =IF(الحصص!A8<>"",الحصص!A8,"") -> حصة 7 | I1: =IF(الحصص!A9<>"",الحصص!A9,"") -> حصة 8 | J1: =IF(الحصص!A10<>"",الحصص!A10,"") | K1: =IF(الحصص!A11<>"",الحصص!A11,"") | L1: =IF(الحصص!A12<>"",الحصص!A12,"") | M1: =IF(الحصص!A13<>"",الحصص!A13,"") | N1: =IF(الحصص!A14<>"",الحصص!A14,"") | O1: =IF(الحصص!A15<>"",الحصص!A15,"") | P1: =IF(الحصص!A16<>"",الحصص!A16,"") | Q1: =IF(الحصص!A17<>"",الحصص!A17,"") | R1: =IF(الحصص!A18<>"",الحصص!A18,"") | S1: =IF(الحصص!A19<>"",الحصص!A19,"") | T1: =IF(الحصص!A20<>"",الحصص!A20,"") | U1: =IF(الحصص!A21<>"",الحصص!A21,"")
A2: =IF(1<=الإعدادات!$C$3,"القاعة "&TEXT(1,"0"),"") -> القاعة 1 | B2: =IF(AND($A2<>"",B$1<>"",1<=IFERROR(VLOOKUP(B$1,الحصص!$A:$F,6,FALSE()),0)),"X","") -> X | C2: =IF(AND($A2<>"",C$1<>"",1<=IFERROR(VLOOKUP(C$1,الحصص!$A:$F,6,FALSE()),0)),"X","") -> X | D2: =IF(AND($A2<>"",D$1<>"",1<=IFERROR(VLOOKUP(D$1,الحصص!$A:$F,6,FALSE()),0)),"X","") -> X | E2: =IF(AND($A2<>"",E$1<>"",1<=IFERROR(VLOOKUP(E$1,الحصص!$A:$F,6,FALSE()),0)),"X","") -> X | F2: =IF(AND($A2<>"",F$1<>"",1<=IFERROR(VLOOKUP(F$1,الحصص!$A:$F,6,FALSE()),0)),"X","") -> X | G2: =IF(AND($A2<>"",G$1<>"",1<=IFERROR(VLOOKUP(G$1,الحصص!$A:$F,6,FALSE()),0)),"X","") -> X | H2: =IF(AND($A2<>"",H$1<>"",1<=IFERROR(VLOOKUP(H$1,الحصص!$A:$F,6,FALSE()),0)),"X","") -> X | I2: =IF(AND($A2<>"",I$1<>"",1<=IFERROR(VLOOKUP(I$1,الحصص!$A:$F,6,FALSE()),0)),"X","") -> X | ... U2: =IF(AND($A2<>"",U$1<>"",1<=IFERROR(VLOOKUP(U$1,الحصص!$A:$F,6,FALSE()),0)),"X","")
A3: =IF(2<=الإعدادات!$C$3,"القاعة "&TEXT(2,"0"),"") -> القاعة 2 | B3: =IF(AND($A3<>"",B$1<>"",2<=IFERROR(VLOOKUP(B$1,الحصص!$A:$F,6,FALSE()),0)),"X","") -> X | C3: =IF(AND($A3<>"",C$1<>"",2<=IFERROR(VLOOKUP(C$1,الحصص!$A:$F,6,FALSE()),0)),"X","") -> X | D3: =IF(AND($A3<>"",D$1<>"",2<=IFERROR(VLOOKUP(D$1,الحصص!$A:$F,6,FALSE()),0)),"X","") -> X | E3: =IF(AND($A3<>"",E$1<>"",2<=IFERROR(VLOOKUP(E$1,الحصص!$A:$F,6,FALSE()),0)),"X","") -> X | F3: =IF(AND($A3<>"",F$1<>"",2<=IFERROR(VLOOKUP(F$1,الحصص!$A:$F,6,FALSE()),0)),"X","") -> X | G3: =IF(AND($A3<>"",G$1<>"",2<=IFERROR(VLOOKUP(G$1,الحصص!$A:$F,6,FALSE()),0)),"X","") -> X | H3: =IF(AND($A3<>"",H$1<>"",2<=IFERROR(VLOOKUP(H$1,الحصص!$A:$F,6,FALSE()),0)),"X","") -> X | I3: =IF(AND($A3<>"",I$1<>"",2<=IFERROR(VLOOKUP(I$1,الحصص!$A:$F,6,FALSE()),0)),"X","") -> X | ... U3: =IF(AND($A3<>"",U$1<>"",2<=IFERROR(VLOOKUP(U$1,الحصص!$A:$F,6,FALSE()),0)),"X","")
A4: =IF(3<=الإعدادات!$C$3,"القاعة "&TEXT(3,"0"),"") -> القاعة 3 | B4: =IF(AND($A4<>"",B$1<>"",3<=IFERROR(VLOOKUP(B$1,الحصص!$A:$F,6,FALSE()),0)),"X","") -> X | C4: =IF(AND($A4<>"",C$1<>"",3<=IFERROR(VLOOKUP(C$1,الحصص!$A:$F,6,FALSE()),0)),"X","") -> X | D4: =IF(AND($A4<>"",D$1<>"",3<=IFERROR(VLOOKUP(D$1,الحصص!$A:$F,6,FALSE()),0)),"X","") -> X | E4: =IF(AND($A4<>"",E$1<>"",3<=IFERROR(VLOOKUP(E$1,الحصص!$A:$F,6,FALSE()),0)),"X","") -> X | F4: =IF(AND($A4<>"",F$1<>"",3<=IFERROR(VLOOKUP(F$1,الحصص!$A:$F,6,FALSE()),0)),"X","") -> X | G4: =IF(AND($A4<>"",G$1<>"",3<=IFERROR(VLOOKUP(G$1,الحصص!$A:$F,6,FALSE()),0)),"X","") -> X | H4: =IF(AND($A4<>"",H$1<>"",3<=IFERROR(VLOOKUP(H$1,الحصص!$A:$F,6,FALSE()),0)),"X","") -> X | I4: =IF(AND($A4<>"",I$1<>"",3<=IFERROR(VLOOKUP(I$1,الحصص!$A:$F,6,FALSE()),0)),"X","") -> X | ... U4: =IF(AND($A4<>"",U$1<>"",3<=IFERROR(VLOOKUP(U$1,الحصص!$A:$F,6,FALSE()),0)),"X","")
A5: =IF(4<=الإعدادات!$C$3,"القاعة "&TEXT(4,"0"),"") -> القاعة 4 | B5: =IF(AND($A5<>"",B$1<>"",4<=IFERROR(VLOOKUP(B$1,الحصص!$A:$F,6,FALSE()),0)),"X","") -> X | C5: =IF(AND($A5<>"",C$1<>"",4<=IFERROR(VLOOKUP(C$1,الحصص!$A:$F,6,FALSE()),0)),"X","") -> X | D5: =IF(AND($A5<>"",D$1<>"",4<=IFERROR(VLOOKUP(D$1,الحصص!$A:$F,6,FALSE()),0)),"X","") -> X | E5: =IF(AND($A5<>"",E$1<>"",4<=IFERROR(VLOOKUP(E$1,الحصص!$A:$F,6,FALSE()),0)),"X","") -> X | F5: =IF(AND($A5<>"",F$1<>"",4<=IFERROR(VLOOKUP(F$1,الحصص!$A:$F,6,FALSE()),0)),"X","") -> X | G5: =IF(AND($A5<>"",G$1<>"",4<=IFERROR(VLOOKUP(G$1,الحصص!$A:$F,6,FALSE()),0)),"X","") -> X | H5: =IF(AND($A5<>"",H$1<>"",4<=IFERROR(VLOOKUP(H$1,الحصص!$A:$F,6,FALSE()),0)),"X","") -> X | I5: =IF(AND($A5<>"",I$1<>"",4<=IFERROR(VLOOKUP(I$1,الحصص!$A:$F,6,FALSE()),0)),"X","") -> X | ... U5: =IF(AND($A5<>"",U$1<>"",4<=IFERROR(VLOOKUP(U$1,الحصص!$A:$F,6,FALSE()),0)),"X","")
A6: =IF(5<=الإعدادات!$C$3,"القاعة "&TEXT(5,"0"),"") -> القاعة 5 | B6: =IF(AND($A6<>"",B$1<>"",5<=IFERROR(VLOOKUP(B$1,الحصص!$A:$F,6,FALSE()),0)),"X","") -> X | C6: =IF(AND($A6<>"",C$1<>"",5<=IFERROR(VLOOKUP(C$1,الحصص!$A:$F,6,FALSE()),0)),"X","") -> X | D6: =IF(AND($A6<>"",D$1<>"",5<=IFERROR(VLOOKUP(D$1,الحصص!$A:$F,6,FALSE()),0)),"X","") -> X | E6: =IF(AND($A6<>"",E$1<>"",5<=IFERROR(VLOOKUP(E$1,الحصص!$A:$F,6,FALSE()),0)),"X","") -> X | F6: =IF(AND($A6<>"",F$1<>"",5<=IFERROR(VLOOKUP(F$1,الحصص!$A:$F,6,FALSE()),0)),"X","") -> X | G6: =IF(AND($A6<>"",G$1<>"",5<=IFERROR(VLOOKUP(G$1,الحصص!$A:$F,6,FALSE()),0)),"X","") -> X | H6: =IF(AND($A6<>"",H$1<>"",5<=IFERROR(VLOOKUP(H$1,الحصص!$A:$F,6,FALSE()),0)),"X","") -> X | I6: =IF(AND($A6<>"",I$1<>"",5<=IFERROR(VLOOKUP(I$1,الحصص!$A:$F,6,FALSE()),0)),"X","") -> X | ... U6: =IF(AND($A6<>"",U$1<>"",5<=IFERROR(VLOOKUP(U$1,الحصص!$A:$F,6,FALSE()),0)),"X","")
A7: =IF(6<=الإعدادات!$C$3,"القاعة "&TEXT(6,"0"),"") -> القاعة 6 | B7: =IF(AND($A7<>"",B$1<>"",6<=IFERROR(VLOOKUP(B$1,الحصص!$A:$F,6,FALSE()),0)),"X","") -> X | C7: =IF(AND($A7<>"",C$1<>"",6<=IFERROR(VLOOKUP(C$1,الحصص!$A:$F,6,FALSE()),0)),"X","") -> X | D7: =IF(AND($A7<>"",D$1<>"",6<=IFERROR(VLOOKUP(D$1,الحصص!$A:$F,6,FALSE()),0)),"X","") -> X | E7: =IF(AND($A7<>"",E$1<>"",6<=IFERROR(VLOOKUP(E$1,الحصص!$A:$F,6,FALSE()),0)),"X","") -> X | F7: =IF(AND($A7<>"",F$1<>"",6<=IFERROR(VLOOKUP(F$1,الحصص!$A:$F,6,FALSE()),0)),"X","") -> X | G7: =IF(AND($A7<>"",G$1<>"",6<=IFERROR(VLOOKUP(G$1,الحصص!$A:$F,6,FALSE()),0)),"X","") -> X | H7: =IF(AND($A7<>"",H$1<>"",6<=IFERROR(VLOOKUP(H$1,الحصص!$A:$F,6,FALSE()),0)),"X","") -> X | I7: =IF(AND($A7<>"",I$1<>"",6<=IFERROR(VLOOKUP(I$1,الحصص!$A:$F,6,FALSE()),0)),"X","") -> X | ... U7: =IF(AND($A7<>"",U$1<>"",6<=IFERROR(VLOOKUP(U$1,الحصص!$A:$F,6,FALSE()),0)),"X","")
A8: =IF(7<=الإعدادات!$C$3,"القاعة "&TEXT(7,"0"),"") -> القاعة 7 | B8: =IF(AND($A8<>"",B$1<>"",7<=IFERROR(VLOOKUP(B$1,الحصص!$A:$F,6,FALSE()),0)),"X","") -> X | C8: =IF(AND($A8<>"",C$1<>"",7<=IFERROR(VLOOKUP(C$1,الحصص!$A:$F,6,FALSE()),0)),"X","") -> X | D8: =IF(AND($A8<>"",D$1<>"",7<=IFERROR(VLOOKUP(D$1,الحصص!$A:$F,6,FALSE()),0)),"X","") -> X | E8: =IF(AND($A8<>"",E$1<>"",7<=IFERROR(VLOOKUP(E$1,الحصص!$A:$F,6,FALSE()),0)),"X","") -> X | F8: =IF(AND($A8<>"",F$1<>"",7<=IFERROR(VLOOKUP(F$1,الحصص!$A:$F,6,FALSE()),0)),"X","") -> X | G8: =IF(AND($A8<>"",G$1<>"",7<=IFERROR(VLOOKUP(G$1,الحصص!$A:$F,6,FALSE()),0)),"X","") -> X | H8: =IF(AND($A8<>"",H$1<>"",7<=IFERROR(VLOOKUP(H$1,الحصص!$A:$F,6,FALSE()),0)),"X","") -> X | I8: =IF(AND($A8<>"",I$1<>"",7<=IFERROR(VLOOKUP(I$1,الحصص!$A:$F,6,FALSE()),0)),"X","") -> X | ... U8: =IF(AND($A8<>"",U$1<>"",7<=IFERROR(VLOOKUP(U$1,الحصص!$A:$F,6,FALSE()),0)),"X","")
A9: =IF(8<=الإعدادات!$C$3,"القاعة "&TEXT(8,"0"),"") -> القاعة 8 | B9: =IF(AND($A9<>"",B$1<>"",8<=IFERROR(VLOOKUP(B$1,الحصص!$A:$F,6,FALSE()),0)),"X","") -> X | C9: =IF(AND($A9<>"",C$1<>"",8<=IFERROR(VLOOKUP(C$1,الحصص!$A:$F,6,FALSE()),0)),"X","") -> X | D9: =IF(AND($A9<>"",D$1<>"",8<=IFERROR(VLOOKUP(D$1,الحصص!$A:$F,6,FALSE()),0)),"X","") -> X | E9: =IF(AND($A9<>"",E$1<>"",8<=IFERROR(VLOOKUP(E$1,الحصص!$A:$F,6,FALSE()),0)),"X","") -> X | F9: =IF(AND($A9<>"",F$1<>"",8<=IFERROR(VLOOKUP(F$1,الحصص!$A:$F,6,FALSE()),0)),"X","") -> X | G9: =IF(AND($A9<>"",G$1<>"",8<=IFERROR(VLOOKUP(G$1,الحصص!$A:$F,6,FALSE()),0)),"X","") -> X | H9: =IF(AND($A9<>"",H$1<>"",8<=IFERROR(VLOOKUP(H$1,الحصص!$A:$F,6,FALSE()),0)),"X","") -> X | I9: =IF(AND($A9<>"",I$1<>"",8<=IFERROR(VLOOKUP(I$1,الحصص!$A:$F,6,FALSE()),0)),"X","") -> X | ... U9: =IF(AND($A9<>"",U$1<>"",8<=IFERROR(VLOOKUP(U$1,الحصص!$A:$F,6,FALSE()),0)),"X","")
A10: =IF(9<=الإعدادات!$C$3,"القاعة "&TEXT(9,"0"),"") -> القاعة 9 | B10: =IF(AND($A10<>"",B$1<>"",9<=IFERROR(VLOOKUP(B$1,الحصص!$A:$F,6,FALSE()),0)),"X","") -> X | C10: =IF(AND($A10<>"",C$1<>"",9<=IFERROR(VLOOKUP(C$1,الحصص!$A:$F,6,FALSE()),0)),"X","") -> X | D10: =IF(AND($A10<>"",D$1<>"",9<=IFERROR(VLOOKUP(D$1,الحصص!$A:$F,6,FALSE()),0)),"X","") -> X | E10: =IF(AND($A10<>"",E$1<>"",9<=IFERROR(VLOOKUP(E$1,الحصص!$A:$F,6,FALSE()),0)),"X","") -> X | F10: =IF(AND($A10<>"",F$1<>"",9<=IFERROR(VLOOKUP(F$1,الحصص!$A:$F,6,FALSE()),0)),"X","") -> X | G10: =IF(AND($A10<>"",G$1<>"",9<=IFERROR(VLOOKUP(G$1,الحصص!$A:$F,6,FALSE()),0)),"X","") -> X | H10: =IF(AND($A10<>"",H$1<>"",9<=IFERROR(VLOOKUP(H$1,الحصص!$A:$F,6,FALSE()),0)),"X","") -> X | I10: =IF(AND($A10<>"",I$1<>"",9<=IFERROR(VLOOKUP(I$1,الحصص!$A:$F,6,FALSE()),0)),"X","") -> X | ... U10: =IF(AND($A10<>"",U$1<>"",9<=IFERROR(VLOOKUP(U$1,الحصص!$A:$F,6,FALSE()),0)),"X","")
A11: =IF(10<=الإعدادات!$C$3,"القاعة "&TEXT(10,"0"),"") -> القاعة 10 | B11: =IF(AND($A11<>"",B$1<>"",10<=IFERROR(VLOOKUP(B$1,الحصص!$A:$F,6,FALSE()),0)),"X","") | C11: =IF(AND($A11<>"",C$1<>"",10<=IFERROR(VLOOKUP(C$1,الحصص!$A:$F,6,FALSE()),0)),"X","") -> X | D11: =IF(AND($A11<>"",D$1<>"",10<=IFERROR(VLOOKUP(D$1,الحصص!$A:$F,6,FALSE()),0)),"X","") | E11: =IF(AND($A11<>"",E$1<>"",10<=IFERROR(VLOOKUP(E$1,الحصص!$A:$F,6,FALSE()),0)),"X","") -> X | F11: =IF(AND($A11<>"",F$1<>"",10<=IFERROR(VLOOKUP(F$1,الحصص!$A:$F,6,FALSE()),0)),"X","") -> X | G11: =IF(AND($A11<>"",G$1<>"",10<=IFERROR(VLOOKUP(G$1,الحصص!$A:$F,6,FALSE()),0)),"X","") -> X | H11: =IF(AND($A11<>"",H$1<>"",10<=IFERROR(VLOOKUP(H$1,الحصص!$A:$F,6,FALSE()),0)),"X","") -> X | I11: =IF(AND($A11<>"",I$1<>"",10<=IFERROR(VLOOKUP(I$1,الحصص!$A:$F,6,FALSE()),0)),"X","") | ... U11: =IF(AND($A11<>"",U$1<>"",10<=IFERROR(VLOOKUP(U$1,الحصص!$A:$F,6,FALSE()),0)),"X","")
A12: =IF(11<=الإعدادات!$C$3,"القاعة "&TEXT(11,"0"),"") -> القاعة 11 | B12: =IF(AND($A12<>"",B$1<>"",11<=IFERROR(VLOOKUP(B$1,الحصص!$A:$F,6,FALSE()),0)),"X","") | C12: =IF(AND($A12<>"",C$1<>"",11<=IFERROR(VLOOKUP(C$1,الحصص!$A:$F,6,FALSE()),0)),"X","") -> X | D12: =IF(AND($A12<>"",D$1<>"",11<=IFERROR(VLOOKUP(D$1,الحصص!$A:$F,6,FALSE()),0)),"X","") | E12: =IF(AND($A12<>"",E$1<>"",11<=IFERROR(VLOOKUP(E$1,الحصص!$A:$F,6,FALSE()),0)),"X","") -> X | F12: =IF(AND($A12<>"",F$1<>"",11<=IFERROR(VLOOKUP(F$1,الحصص!$A:$F,6,FALSE()),0)),"X","") -> X | G12: =IF(AND($A12<>"",G$1<>"",11<=IFERROR(VLOOKUP(G$1,الحصص!$A:$F,6,FALSE()),0)),"X","") -> X | H12: =IF(AND($A12<>"",H$1<>"",11<=IFERROR(VLOOKUP(H$1,الحصص!$A:$F,6,FALSE()),0)),"X","") -> X | I12: =IF(AND($A12<>"",I$1<>"",11<=IFERROR(VLOOKUP(I$1,الحصص!$A:$F,6,FALSE()),0)),"X","") | ... U12: =IF(AND($A12<>"",U$1<>"",11<=IFERROR(VLOOKUP(U$1,الحصص!$A:$F,6,FALSE()),0)),"X","")
A13: =IF(12<=الإعدادات!$C$3,"القاعة "&TEXT(12,"0"),"") -> القاعة 12 | B13: =IF(AND($A13<>"",B$1<>"",12<=IFERROR(VLOOKUP(B$1,الحصص!$A:$F,6,FALSE()),0)),"X","") | C13: =IF(AND($A13<>"",C$1<>"",12<=IFERROR(VLOOKUP(C$1,الحصص!$A:$F,6,FALSE()),0)),"X","") -> X | D13: =IF(AND($A13<>"",D$1<>"",12<=IFERROR(VLOOKUP(D$1,الحصص!$A:$F,6,FALSE()),0)),"X","") | E13: =IF(AND($A13<>"",E$1<>"",12<=IFERROR(VLOOKUP(E$1,الحصص!$A:$F,6,FALSE()),0)),"X","") -> X | F13: =IF(AND($A13<>"",F$1<>"",12<=IFERROR(VLOOKUP(F$1,الحصص!$A:$F,6,FALSE()),0)),"X","") -> X | G13: =IF(AND($A13<>"",G$1<>"",12<=IFERROR(VLOOKUP(G$1,الحصص!$A:$F,6,FALSE()),0)),"X","") -> X | H13: =IF(AND($A13<>"",H$1<>"",12<=IFERROR(VLOOKUP(H$1,الحصص!$A:$F,6,FALSE()),0)),"X","") -> X | I13: =IF(AND($A13<>"",I$1<>"",12<=IFERROR(VLOOKUP(I$1,الحصص!$A:$F,6,FALSE()),0)),"X","") | ... U13: =IF(AND($A13<>"",U$1<>"",12<=IFERROR(VLOOKUP(U$1,الحصص!$A:$F,6,FALSE()),0)),"X","")
A14: =IF(13<=الإعدادات!$C$3,"القاعة "&TEXT(13,"0"),"") -> القاعة 13 | B14: =IF(AND($A14<>"",B$1<>"",13<=IFERROR(VLOOKUP(B$1,الحصص!$A:$F,6,FALSE()),0)),"X","") | C14: =IF(AND($A14<>"",C$1<>"",13<=IFERROR(VLOOKUP(C$1,الحصص!$A:$F,6,FALSE()),0)),"X","") | D14: =IF(AND($A14<>"",D$1<>"",13<=IFERROR(VLOOKUP(D$1,الحصص!$A:$F,6,FALSE()),0)),"X","") | E14: =IF(AND($A14<>"",E$1<>"",13<=IFERROR(VLOOKUP(E$1,الحصص!$A:$F,6,FALSE()),0)),"X","") -> X | F14: =IF(AND($A14<>"",F$1<>"",13<=IFERROR(VLOOKUP(F$1,الحصص!$A:$F,6,FALSE()),0)),"X","") -> X | G14: =IF(AND($A14<>"",G$1<>"",13<=IFERROR(VLOOKUP(G$1,الحصص!$A:$F,6,FALSE()),0)),"X","") -> X | H14: =IF(AND($A14<>"",H$1<>"",13<=IFERROR(VLOOKUP(H$1,الحصص!$A:$F,6,FALSE()),0)),"X","") -> X | I14: =IF(AND($A14<>"",I$1<>"",13<=IFERROR(VLOOKUP(I$1,الحصص!$A:$F,6,FALSE()),0)),"X","") | ... U14: =IF(AND($A14<>"",U$1<>"",13<=IFERROR(VLOOKUP(U$1,الحصص!$A:$F,6,FALSE()),0)),"X","")
A15: =IF(14<=الإعدادات!$C$3,"القاعة "&TEXT(14,"0"),"") -> القاعة 14 | B15: =IF(AND($A15<>"",B$1<>"",14<=IFERROR(VLOOKUP(B$1,الحصص!$A:$F,6,FALSE()),0)),"X","") | C15: =IF(AND($A15<>"",C$1<>"",14<=IFERROR(VLOOKUP(C$1,الحصص!$A:$F,6,FALSE()),0)),"X","") | D15: =IF(AND($A15<>"",D$1<>"",14<=IFERROR(VLOOKUP(D$1,الحصص!$A:$F,6,FALSE()),0)),"X","") | E15: =IF(AND($A15<>"",E$1<>"",14<=IFERROR(VLOOKUP(E$1,الحصص!$A:$F,6,FALSE()),0)),"X","") -> X | F15: =IF(AND($A15<>"",F$1<>"",14<=IFERROR(VLOOKUP(F$1,الحصص!$A:$F,6,FALSE()),0)),"X","") -> X | G15: =IF(AND($A15<>"",G$1<>"",14<=IFERROR(VLOOKUP(G$1,الحصص!$A:$F,6,FALSE()),0)),"X","") -> X | H15: =IF(AND($A15<>"",H$1<>"",14<=IFERROR(VLOOKUP(H$1,الحصص!$A:$F,6,FALSE()),0)),"X","") -> X | I15: =IF(AND($A15<>"",I$1<>"",14<=IFERROR(VLOOKUP(I$1,الحصص!$A:$F,6,FALSE()),0)),"X","") | ... U15: =IF(AND($A15<>"",U$1<>"",14<=IFERROR(VLOOKUP(U$1,الحصص!$A:$F,6,FALSE()),0)),"X","")
A16: =IF(15<=الإعدادات!$C$3,"القاعة "&TEXT(15,"0"),"") | B16: =IF(AND($A16<>"",B$1<>"",15<=IFERROR(VLOOKUP(B$1,الحصص!$A:$F,6,FALSE()),0)),"X","") | C16: =IF(AND($A16<>"",C$1<>"",15<=IFERROR(VLOOKUP(C$1,الحصص!$A:$F,6,FALSE()),0)),"X","") | D16: =IF(AND($A16<>"",D$1<>"",15<=IFERROR(VLOOKUP(D$1,الحصص!$A:$F,6,FALSE()),0)),"X","") | E16: =IF(AND($A16<>"",E$1<>"",15<=IFERROR(VLOOKUP(E$1,الحصص!$A:$F,6,FALSE()),0)),"X","") | F16: =IF(AND($A16<>"",F$1<>"",15<=IFERROR(VLOOKUP(F$1,الحصص!$A:$F,6,FALSE()),0)),"X","") | G16: =IF(AND($A16<>"",G$1<>"",15<=IFERROR(VLOOKUP(G$1,الحصص!$A:$F,6,FALSE()),0)),"X","") | H16: =IF(AND($A16<>"",H$1<>"",15<=IFERROR(VLOOKUP(H$1,الحصص!$A:$F,6,FALSE()),0)),"X","") | I16: =IF(AND($A16<>"",I$1<>"",15<=IFERROR(VLOOKUP(I$1,الحصص!$A:$F,6,FALSE()),0)),"X","") | ... U16: =IF(AND($A16<>"",U$1<>"",15<=IFERROR(VLOOKUP(U$1,الحصص!$A:$F,6,FALSE()),0)),"X","")
A17: =IF(16<=الإعدادات!$C$3,"القاعة "&TEXT(16,"0"),"") | B17: =IF(AND($A17<>"",B$1<>"",16<=IFERROR(VLOOKUP(B$1,الحصص!$A:$F,6,FALSE()),0)),"X","") | C17: =IF(AND($A17<>"",C$1<>"",16<=IFERROR(VLOOKUP(C$1,الحصص!$A:$F,6,FALSE()),0)),"X","") | D17: =IF(AND($A17<>"",D$1<>"",16<=IFERROR(VLOOKUP(D$1,الحصص!$A:$F,6,FALSE()),0)),"X","") | E17: =IF(AND($A17<>"",E$1<>"",16<=IFERROR(VLOOKUP(E$1,الحصص!$A:$F,6,FALSE()),0)),"X","") | F17: =IF(AND($A17<>"",F$1<>"",16<=IFERROR(VLOOKUP(F$1,الحصص!$A:$F,6,FALSE()),0)),"X","") | G17: =IF(AND($A17<>"",G$1<>"",16<=IFERROR(VLOOKUP(G$1,الحصص!$A:$F,6,FALSE()),0)),"X","") | H17: =IF(AND($A17<>"",H$1<>"",16<=IFERROR(VLOOKUP(H$1,الحصص!$A:$F,6,FALSE()),0)),"X","") | I17: =IF(AND($A17<>"",I$1<>"",16<=IFERROR(VLOOKUP(I$1,الحصص!$A:$F,6,FALSE()),0)),"X","") | ... U17: =IF(AND($A17<>"",U$1<>"",16<=IFERROR(VLOOKUP(U$1,الحصص!$A:$F,6,FALSE()),0)),"X","")
A18: =IF(17<=الإعدادات!$C$3,"القاعة "&TEXT(17,"0"),"") | B18: =IF(AND($A18<>"",B$1<>"",17<=IFERROR(VLOOKUP(B$1,الحصص!$A:$F,6,FALSE()),0)),"X","") | C18: =IF(AND($A18<>"",C$1<>"",17<=IFERROR(VLOOKUP(C$1,الحصص!$A:$F,6,FALSE()),0)),"X","") | D18: =IF(AND($A18<>"",D$1<>"",17<=IFERROR(VLOOKUP(D$1,الحصص!$A:$F,6,FALSE()),0)),"X","") | E18: =IF(AND($A18<>"",E$1<>"",17<=IFERROR(VLOOKUP(E$1,الحصص!$A:$F,6,FALSE()),0)),"X","") | F18: =IF(AND($A18<>"",F$1<>"",17<=IFERROR(VLOOKUP(F$1,الحصص!$A:$F,6,FALSE()),0)),"X","") | G18: =IF(AND($A18<>"",G$1<>"",17<=IFERROR(VLOOKUP(G$1,الحصص!$A:$F,6,FALSE()),0)),"X","") | H18: =IF(AND($A18<>"",H$1<>"",17<=IFERROR(VLOOKUP(H$1,الحصص!$A:$F,6,FALSE()),0)),"X","") | I18: =IF(AND($A18<>"",I$1<>"",17<=IFERROR(VLOOKUP(I$1,الحصص!$A:$F,6,FALSE()),0)),"X","") | ... U18: =IF(AND($A18<>"",U$1<>"",17<=IFERROR(VLOOKUP(U$1,الحصص!$A:$F,6,FALSE()),0)),"X","")
A19: =IF(18<=الإعدادات!$C$3,"القاعة "&TEXT(18,"0"),"") | B19: =IF(AND($A19<>"",B$1<>"",18<=IFERROR(VLOOKUP(B$1,الحصص!$A:$F,6,FALSE()),0)),"X","") | C19: =IF(AND($A19<>"",C$1<>"",18<=IFERROR(VLOOKUP(C$1,الحصص!$A:$F,6,FALSE()),0)),"X","") | D19: =IF(AND($A19<>"",D$1<>"",18<=IFERROR(VLOOKUP(D$1,الحصص!$A:$F,6,FALSE()),0)),"X","") | E19: =IF(AND($A19<>"",E$1<>"",18<=IFERROR(VLOOKUP(E$1,الحصص!$A:$F,6,FALSE()),0)),"X","") | F19: =IF(AND($A19<>"",F$1<>"",18<=IFERROR(VLOOKUP(F$1,الحصص!$A:$F,6,FALSE()),0)),"X","") | G19: =IF(AND($A19<>"",G$1<>"",18<=IFERROR(VLOOKUP(G$1,الحصص!$A:$F,6,FALSE()),0)),"X","") | H19: =IF(AND($A19<>"",H$1<>"",18<=IFERROR(VLOOKUP(H$1,الحصص!$A:$F,6,FALSE()),0)),"X","") | I19: =IF(AND($A19<>"",I$1<>"",18<=IFERROR(VLOOKUP(I$1,الحصص!$A:$F,6,FALSE()),0)),"X","") | ... U19: =IF(AND($A19<>"",U$1<>"",18<=IFERROR(VLOOKUP(U$1,الحصص!$A:$F,6,FALSE()),0)),"X","")
A20: =IF(19<=الإعدادات!$C$3,"القاعة "&TEXT(19,"0"),"") | B20: =IF(AND($A20<>"",B$1<>"",19<=IFERROR(VLOOKUP(B$1,الحصص!$A:$F,6,FALSE()),0)),"X","") | C20: =IF(AND($A20<>"",C$1<>"",19<=IFERROR(VLOOKUP(C$1,الحصص!$A:$F,6,FALSE()),0)),"X","") | D20: =IF(AND($A20<>"",D$1<>"",19<=IFERROR(VLOOKUP(D$1,الحصص!$A:$F,6,FALSE()),0)),"X","") | E20: =IF(AND($A20<>"",E$1<>"",19<=IFERROR(VLOOKUP(E$1,الحصص!$A:$F,6,FALSE()),0)),"X","") | F20: =IF(AND($A20<>"",F$1<>"",19<=IFERROR(VLOOKUP(F$1,الحصص!$A:$F,6,FALSE()),0)),"X","") | G20: =IF(AND($A20<>"",G$1<>"",19<=IFERROR(VLOOKUP(G$1,الحصص!$A:$F,6,FALSE()),0)),"X","") | H20: =IF(AND($A20<>"",H$1<>"",19<=IFERROR(VLOOKUP(H$1,الحصص!$A:$F,6,FALSE()),0)),"X","") | I20: =IF(AND($A20<>"",I$1<>"",19<=IFERROR(VLOOKUP(I$1,الحصص!$A:$F,6,FALSE()),0)),"X","") | ... U20: =IF(AND($A20<>"",U$1<>"",19<=IFERROR(VLOOKUP(U$1,الحصص!$A:$F,6,FALSE()),0)),"X","")
A21: =IF(20<=الإعدادات!$C$3,"القاعة "&TEXT(20,"0"),"") | B21: =IF(AND($A21<>"",B$1<>"",20<=IFERROR(VLOOKUP(B$1,الحصص!$A:$F,6,FALSE()),0)),"X","") | C21: =IF(AND($A21<>"",C$1<>"",20<=IFERROR(VLOOKUP(C$1,الحصص!$A:$F,6,FALSE()),0)),"X","") | D21: =IF(AND($A21<>"",D$1<>"",20<=IFERROR(VLOOKUP(D$1,الحصص!$A:$F,6,FALSE()),0)),"X","") | E21: =IF(AND($A21<>"",E$1<>"",20<=IFERROR(VLOOKUP(E$1,الحصص!$A:$F,6,FALSE()),0)),"X","") | F21: =IF(AND($A21<>"",F$1<>"",20<=IFERROR(VLOOKUP(F$1,الحصص!$A:$F,6,FALSE()),0)),"X","") | G21: =IF(AND($A21<>"",G$1<>"",20<=IFERROR(VLOOKUP(G$1,الحصص!$A:$F,6,FALSE()),0)),"X","") | H21: =IF(AND($A21<>"",H$1<>"",20<=IFERROR(VLOOKUP(H$1,الحصص!$A:$F,6,FALSE()),0)),"X","") | I21: =IF(AND($A21<>"",I$1<>"",20<=IFERROR(VLOOKUP(I$1,الحصص!$A:$F,6,FALSE()),0)),"X","") | ... U21: =IF(AND($A21<>"",U$1<>"",20<=IFERROR(VLOOKUP(U$1,الحصص!$A:$F,6,FALSE()),0)),"X","")
A22: =IF(21<=الإعدادات!$C$3,"القاعة "&TEXT(21,"0"),"") | B22: =IF(AND($A22<>"",B$1<>"",21<=IFERROR(VLOOKUP(B$1,الحصص!$A:$F,6,FALSE()),0)),"X","") | C22: =IF(AND($A22<>"",C$1<>"",21<=IFERROR(VLOOKUP(C$1,الحصص!$A:$F,6,FALSE()),0)),"X","") | D22: =IF(AND($A22<>"",D$1<>"",21<=IFERROR(VLOOKUP(D$1,الحصص!$A:$F,6,FALSE()),0)),"X","") | E22: =IF(AND($A22<>"",E$1<>"",21<=IFERROR(VLOOKUP(E$1,الحصص!$A:$F,6,FALSE()),0)),"X","") | F22: =IF(AND($A22<>"",F$1<>"",21<=IFERROR(VLOOKUP(F$1,الحصص!$A:$F,6,FALSE()),0)),"X","") | G22: =IF(AND($A22<>"",G$1<>"",21<=IFERROR(VLOOKUP(G$1,الحصص!$A:$F,6,FALSE()),0)),"X","") | H22: =IF(AND($A22<>"",H$1<>"",21<=IFERROR(VLOOKUP(H$1,الحصص!$A:$F,6,FALSE()),0)),"X","") | I22: =IF(AND($A22<>"",I$1<>"",21<=IFERROR(VLOOKUP(I$1,الحصص!$A:$F,6,FALSE()),0)),"X","") | ... U22: =IF(AND($A22<>"",U$1<>"",21<=IFERROR(VLOOKUP(U$1,الحصص!$A:$F,6,FALSE()),0)),"X","")
A23: =IF(22<=الإعدادات!$C$3,"القاعة "&TEXT(22,"0"),"") | B23: =IF(AND($A23<>"",B$1<>"",22<=IFERROR(VLOOKUP(B$1,الحصص!$A:$F,6,FALSE()),0)),"X","") | C23: =IF(AND($A23<>"",C$1<>"",22<=IFERROR(VLOOKUP(C$1,الحصص!$A:$F,6,FALSE()),0)),"X","") | D23: =IF(AND($A23<>"",D$1<>"",22<=IFERROR(VLOOKUP(D$1,الحصص!$A:$F,6,FALSE()),0)),"X","") | E23: =IF(AND($A23<>"",E$1<>"",22<=IFERROR(VLOOKUP(E$1,الحصص!$A:$F,6,FALSE()),0)),"X","") | F23: =IF(AND($A23<>"",F$1<>"",22<=IFERROR(VLOOKUP(F$1,الحصص!$A:$F,6,FALSE()),0)),"X","") | G23: =IF(AND($A23<>"",G$1<>"",22<=IFERROR(VLOOKUP(G$1,الحصص!$A:$F,6,FALSE()),0)),"X","") | H23: =IF(AND($A23<>"",H$1<>"",22<=IFERROR(VLOOKUP(H$1,الحصص!$A:$F,6,FALSE()),0)),"X","") | I23: =IF(AND($A23<>"",I$1<>"",22<=IFERROR(VLOOKUP(I$1,الحصص!$A:$F,6,FALSE()),0)),"X","") | ... U23: =IF(AND($A23<>"",U$1<>"",22<=IFERROR(VLOOKUP(U$1,الحصص!$A:$F,6,FALSE()),0)),"X","")
A24: =IF(23<=الإعدادات!$C$3,"القاعة "&TEXT(23,"0"),"") | B24: =IF(AND($A24<>"",B$1<>"",23<=IFERROR(VLOOKUP(B$1,الحصص!$A:$F,6,FALSE()),0)),"X","") | C24: =IF(AND($A24<>"",C$1<>"",23<=IFERROR(VLOOKUP(C$1,الحصص!$A:$F,6,FALSE()),0)),"X","") | D24: =IF(AND($A24<>"",D$1<>"",23<=IFERROR(VLOOKUP(D$1,الحصص!$A:$F,6,FALSE()),0)),"X","") | E24: =IF(AND($A24<>"",E$1<>"",23<=IFERROR(VLOOKUP(E$1,الحصص!$A:$F,6,FALSE()),0)),"X","") | F24: =IF(AND($A24<>"",F$1<>"",23<=IFERROR(VLOOKUP(F$1,الحصص!$A:$F,6,FALSE()),0)),"X","") | G24: =IF(AND($A24<>"",G$1<>"",23<=IFERROR(VLOOKUP(G$1,الحصص!$A:$F,6,FALSE()),0)),"X","") | H24: =IF(AND($A24<>"",H$1<>"",23<=IFERROR(VLOOKUP(H$1,الحصص!$A:$F,6,FALSE()),0)),"X","") | I24: =IF(AND($A24<>"",I$1<>"",23<=IFERROR(VLOOKUP(I$1,الحصص!$A:$F,6,FALSE()),0)),"X","") | ... U24: =IF(AND($A24<>"",U$1<>"",23<=IFERROR(VLOOKUP(U$1,الحصص!$A:$F,6,FALSE()),0)),"X","")
A25: =IF(24<=الإعدادات!$C$3,"القاعة "&TEXT(24,"0"),"") | B25: =IF(AND($A25<>"",B$1<>"",24<=IFERROR(VLOOKUP(B$1,الحصص!$A:$F,6,FALSE()),0)),"X","") | C25: =IF(AND($A25<>"",C$1<>"",24<=IFERROR(VLOOKUP(C$1,الحصص!$A:$F,6,FALSE()),0)),"X","") | D25: =IF(AND($A25<>"",D$1<>"",24<=IFERROR(VLOOKUP(D$1,الحصص!$A:$F,6,FALSE()),0)),"X","") | E25: =IF(AND($A25<>"",E$1<>"",24<=IFERROR(VLOOKUP(E$1,الحصص!$A:$F,6,FALSE()),0)),"X","") | F25: =IF(AND($A25<>"",F$1<>"",24<=IFERROR(VLOOKUP(F$1,الحصص!$A:$F,6,FALSE()),0)),"X","") | G25: =IF(AND($A25<>"",G$1<>"",24<=IFERROR(VLOOKUP(G$1,الحصص!$A:$F,6,FALSE()),0)),"X","") | H25: =IF(AND($A25<>"",H$1<>"",24<=IFERROR(VLOOKUP(H$1,الحصص!$A:$F,6,FALSE()),0)),"X","") | I25: =IF(AND($A25<>"",I$1<>"",24<=IFERROR(VLOOKUP(I$1,الحصص!$A:$F,6,FALSE()),0)),"X","") | ... U25: =IF(AND($A25<>"",U$1<>"",24<=IFERROR(VLOOKUP(U$1,الحصص!$A:$F,6,FALSE()),0)),"X","")
A26: =IF(25<=الإعدادات!$C$3,"القاعة "&TEXT(25,"0"),"") | B26: =IF(AND($A26<>"",B$1<>"",25<=IFERROR(VLOOKUP(B$1,الحصص!$A:$F,6,FALSE()),0)),"X","") | C26: =IF(AND($A26<>"",C$1<>"",25<=IFERROR(VLOOKUP(C$1,الحصص!$A:$F,6,FALSE()),0)),"X","") | D26: =IF(AND($A26<>"",D$1<>"",25<=IFERROR(VLOOKUP(D$1,الحصص!$A:$F,6,FALSE()),0)),"X","") | E26: =IF(AND($A26<>"",E$1<>"",25<=IFERROR(VLOOKUP(E$1,الحصص!$A:$F,6,FALSE()),0)),"X","") | F26: =IF(AND($A26<>"",F$1<>"",25<=IFERROR(VLOOKUP(F$1,الحصص!$A:$F,6,FALSE()),0)),"X","") | G26: =IF(AND($A26<>"",G$1<>"",25<=IFERROR(VLOOKUP(G$1,الحصص!$A:$F,6,FALSE()),0)),"X","") | H26: =IF(AND($A26<>"",H$1<>"",25<=IFERROR(VLOOKUP(H$1,الحصص!$A:$F,6,FALSE()),0)),"X","") | I26: =IF(AND($A26<>"",I$1<>"",25<=IFERROR(VLOOKUP(I$1,الحصص!$A:$F,6,FALSE()),0)),"X","") | ... U26: =IF(AND($A26<>"",U$1<>"",25<=IFERROR(VLOOKUP(U$1,الحصص!$A:$F,6,FALSE()),0)),"X","")
A27: =IF(26<=الإعدادات!$C$3,"القاعة "&TEXT(26,"0"),"") | B27: =IF(AND($A27<>"",B$1<>"",26<=IFERROR(VLOOKUP(B$1,الحصص!$A:$F,6,FALSE()),0)),"X","") | C27: =IF(AND($A27<>"",C$1<>"",26<=IFERROR(VLOOKUP(C$1,الحصص!$A:$F,6,FALSE()),0)),"X","") | D27: =IF(AND($A27<>"",D$1<>"",26<=IFERROR(VLOOKUP(D$1,الحصص!$A:$F,6,FALSE()),0)),"X","") | E27: =IF(AND($A27<>"",E$1<>"",26<=IFERROR(VLOOKUP(E$1,الحصص!$A:$F,6,FALSE()),0)),"X","") | F27: =IF(AND($A27<>"",F$1<>"",26<=IFERROR(VLOOKUP(F$1,الحصص!$A:$F,6,FALSE()),0)),"X","") | G27: =IF(AND($A27<>"",G$1<>"",26<=IFERROR(VLOOKUP(G$1,الحصص!$A:$F,6,FALSE()),0)),"X","") | H27: =IF(AND($A27<>"",H$1<>"",26<=IFERROR(VLOOKUP(H$1,الحصص!$A:$F,6,FALSE()),0)),"X","") | I27: =IF(AND($A27<>"",I$1<>"",26<=IFERROR(VLOOKUP(I$1,الحصص!$A:$F,6,FALSE()),0)),"X","") | ... U27: =IF(AND($A27<>"",U$1<>"",26<=IFERROR(VLOOKUP(U$1,الحصص!$A:$F,6,FALSE()),0)),"X","")
A28: =IF(27<=الإعدادات!$C$3,"القاعة "&TEXT(27,"0"),"") | B28: =IF(AND($A28<>"",B$1<>"",27<=IFERROR(VLOOKUP(B$1,الحصص!$A:$F,6,FALSE()),0)),"X","") | C28: =IF(AND($A28<>"",C$1<>"",27<=IFERROR(VLOOKUP(C$1,الحصص!$A:$F,6,FALSE()),0)),"X","") | D28: =IF(AND($A28<>"",D$1<>"",27<=IFERROR(VLOOKUP(D$1,الحصص!$A:$F,6,FALSE()),0)),"X","") | E28: =IF(AND($A28<>"",E$1<>"",27<=IFERROR(VLOOKUP(E$1,الحصص!$A:$F,6,FALSE()),0)),"X","") | F28: =IF(AND($A28<>"",F$1<>"",27<=IFERROR(VLOOKUP(F$1,الحصص!$A:$F,6,FALSE()),0)),"X","") | G28: =IF(AND($A28<>"",G$1<>"",27<=IFERROR(VLOOKUP(G$1,الحصص!$A:$F,6,FALSE()),0)),"X","") | H28: =IF(AND($A28<>"",H$1<>"",27<=IFERROR(VLOOKUP(H$1,الحصص!$A:$F,6,FALSE()),0)),"X","") | I28: =IF(AND($A28<>"",I$1<>"",27<=IFERROR(VLOOKUP(I$1,الحصص!$A:$F,6,FALSE()),0)),"X","") | ... U28: =IF(AND($A28<>"",U$1<>"",27<=IFERROR(VLOOKUP(U$1,الحصص!$A:$F,6,FALSE()),0)),"X","")
A29: =IF(28<=الإعدادات!$C$3,"القاعة "&TEXT(28,"0"),"") | B29: =IF(AND($A29<>"",B$1<>"",28<=IFERROR(VLOOKUP(B$1,الحصص!$A:$F,6,FALSE()),0)),"X","") | C29: =IF(AND($A29<>"",C$1<>"",28<=IFERROR(VLOOKUP(C$1,الحصص!$A:$F,6,FALSE()),0)),"X","") | D29: =IF(AND($A29<>"",D$1<>"",28<=IFERROR(VLOOKUP(D$1,الحصص!$A:$F,6,FALSE()),0)),"X","") | E29: =IF(AND($A29<>"",E$1<>"",28<=IFERROR(VLOOKUP(E$1,الحصص!$A:$F,6,FALSE()),0)),"X","") | F29: =IF(AND($A29<>"",F$1<>"",28<=IFERROR(VLOOKUP(F$1,الحصص!$A:$F,6,FALSE()),0)),"X","") | G29: =IF(AND($A29<>"",G$1<>"",28<=IFERROR(VLOOKUP(G$1,الحصص!$A:$F,6,FALSE()),0)),"X","") | H29: =IF(AND($A29<>"",H$1<>"",28<=IFERROR(VLOOKUP(H$1,الحصص!$A:$F,6,FALSE()),0)),"X","") | I29: =IF(AND($A29<>"",I$1<>"",28<=IFERROR(VLOOKUP(I$1,الحصص!$A:$F,6,FALSE()),0)),"X","") | ... U29: =IF(AND($A29<>"",U$1<>"",28<=IFERROR(VLOOKUP(U$1,الحصص!$A:$F,6,FALSE()),0)),"X","")
A30: =IF(29<=الإعدادات!$C$3,"القاعة "&TEXT(29,"0"),"") | B30: =IF(AND($A30<>"",B$1<>"",29<=IFERROR(VLOOKUP(B$1,الحصص!$A:$F,6,FALSE()),0)),"X","") | C30: =IF(AND($A30<>"",C$1<>"",29<=IFERROR(VLOOKUP(C$1,الحصص!$A:$F,6,FALSE()),0)),"X","") | D30: =IF(AND($A30<>"",D$1<>"",29<=IFERROR(VLOOKUP(D$1,الحصص!$A:$F,6,FALSE()),0)),"X","") | E30: =IF(AND($A30<>"",E$1<>"",29<=IFERROR(VLOOKUP(E$1,الحصص!$A:$F,6,FALSE()),0)),"X","") | F30: =IF(AND($A30<>"",F$1<>"",29<=IFERROR(VLOOKUP(F$1,الحصص!$A:$F,6,FALSE()),0)),"X","") | G30: =IF(AND($A30<>"",G$1<>"",29<=IFERROR(VLOOKUP(G$1,الحصص!$A:$F,6,FALSE()),0)),"X","") | H30: =IF(AND($A30<>"",H$1<>"",29<=IFERROR(VLOOKUP(H$1,الحصص!$A:$F,6,FALSE()),0)),"X","") | I30: =IF(AND($A30<>"",I$1<>"",29<=IFERROR(VLOOKUP(I$1,الحصص!$A:$F,6,FALSE()),0)),"X","") | ... U30: =IF(AND($A30<>"",U$1<>"",29<=IFERROR(VLOOKUP(U$1,الحصص!$A:$F,6,FALSE()),0)),"X","")
A31: =IF(30<=الإعدادات!$C$3,"القاعة "&TEXT(30,"0"),"") | B31: =IF(AND($A31<>"",B$1<>"",30<=IFERROR(VLOOKUP(B$1,الحصص!$A:$F,6,FALSE()),0)),"X","") | C31: =IF(AND($A31<>"",C$1<>"",30<=IFERROR(VLOOKUP(C$1,الحصص!$A:$F,6,FALSE()),0)),"X","") | D31: =IF(AND($A31<>"",D$1<>"",30<=IFERROR(VLOOKUP(D$1,الحصص!$A:$F,6,FALSE()),0)),"X","") | E31: =IF(AND($A31<>"",E$1<>"",30<=IFERROR(VLOOKUP(E$1,الحصص!$A:$F,6,FALSE()),0)),"X","") | F31: =IF(AND($A31<>"",F$1<>"",30<=IFERROR(VLOOKUP(F$1,الحصص!$A:$F,6,FALSE()),0)),"X","") | G31: =IF(AND($A31<>"",G$1<>"",30<=IFERROR(VLOOKUP(G$1,الحصص!$A:$F,6,FALSE()),0)),"X","") | H31: =IF(AND($A31<>"",H$1<>"",30<=IFERROR(VLOOKUP(H$1,الحصص!$A:$F,6,FALSE()),0)),"X","") | I31: =IF(AND($A31<>"",I$1<>"",30<=IFERROR(VLOOKUP(I$1,الحصص!$A:$F,6,FALSE()),0)),"X","") | ... U31: =IF(AND($A31<>"",U$1<>"",30<=IFERROR(VLOOKUP(U$1,الحصص!$A:$F,6,FALSE()),0)),"X","")
